,0,1,2,3,4,5,6,7,8,9,10,11,12,13,14,15,16,17,18,19,20,21,22,23,24,25,26,27,28,29,30,31,32,33,34,35,36,37,38,39,40,41,42,43,44,45,46,47,48,49,50,51,52,53,54,55,56,57,58,59,60,61,62,63,64,65,66,67,68,69,70,71,72,73,74,75,76,77,78,79
0,0.23742905,0.045108125,0.0009800737,0.0009608608,0.0013353623,0.013238201,0.033085387,0.042102847,0.038407624,0.02978611,0.010637932,0.0013650997,0.0009084304,0.0010044948,-0.047305353,-0.06874373,-0.0092220465,0.031119479,0.1058807,0.26210335,-0.10622196,-0.47877744,-0.070465885,-0.079164006,-0.17677969,-0.09710297,0.037690192,0.14742598,0.055876046,-0.03063809,-0.10767811,-0.15970132,-0.23501623,-0.32763237,-0.35101196,-0.33721524,-0.09613124,-0.15182263,-0.012741102,0.02620123,-0.09100604,-0.21630356,-0.021010088,-0.049934316,0.045922242,0.0045587365,-0.001135277,0.0011677145,0.00043971252,0.0007110212,0.002144572,0.00038753406,-0.0131485695,-0.018171992,0.021492366,0.034595236,0.030103056,-0.012331391,-0.06466467,0.049621545,-0.072921604,-0.29869425,0.14574042,0.14359567,0.19390436,-0.029068632,-0.20272627,0.042957228,-0.29672584,-0.33886278,-0.2531499,0.061787724,-0.012138182,0.09718803,0.18744233,0.15876457,0.108633935,-0.068444625,-0.4174517,0.014492884
1,0.3006125,0.11287801,0.20302211,0.2016941,0.18136165,0.18174464,0.25890988,0.28939873,0.23750754,0.25632235,0.24846102,0.21613605,0.20690614,0.20821352,0.111792535,0.09734883,0.20111142,0.32471734,0.09283893,0.5218443,0.32039037,0.11839838,0.014777801,0.11922501,0.24152343,0.3306951,0.33170086,0.31955874,0.25528637,0.12575693,0.14185487,0.114164814,-0.0074453033,0.31069073,0.26649407,0.2316656,0.13427414,0.35420573,0.39486402,0.5252178,0.073521234,0.11327853,-0.11255674,0.2768493,0.22846368,0.19201764,0.1968836,0.2037787,0.20361836,0.20239906,0.202177,0.19938166,0.16164006,0.13712999,0.16356549,0.17730027,0.30428225,0.37319073,0.028876131,0.26557785,0.31717128,0.21672152,-0.02684584,0.2406582,0.21297765,0.020919543,0.7363724,0.3570587,0.2804637,0.17653279,0.20838067,0.19848225,0.20058194,0.25841084,0.38950592,0.20242645,0.24443407,-0.049528003,0.74388486,-0.08520648
2,-0.16326821,-0.18314478,-0.033041775,-0.045875102,-0.08299514,-0.1090059,-0.074680865,-0.010197788,0.10081962,0.05322265,-0.017153395,-0.008982959,-0.041064918,-0.031014547,-0.1377709,-0.24109346,-0.14523295,0.073419325,0.17527457,-0.030500779,-0.287942,0.25772324,-0.18533573,0.0783283,0.17363504,0.15757537,0.09546682,-0.049745813,-0.1735636,-0.26283866,-0.019191846,0.1772294,0.44234583,0.16661417,0.14641231,0.11527858,0.12896124,-0.15790604,0.0063785734,-0.19627984,0.28269446,0.021489235,0.04894727,-0.27483433,-0.22074382,0.007662081,-0.02286175,-0.026413172,-0.030038398,-0.029895926,-0.030032301,-0.03716954,-0.09776833,-0.15865561,-0.12072509,-0.023595633,0.0069813975,0.092819855,0.008351058,-0.30911818,0.12278063,0.37085512,0.27342,0.10022852,0.07408151,-0.5091539,-0.1178704,-0.23134741,-0.0377261,0.42157596,0.16395767,-0.14281309,-0.11956485,-0.12988737,-0.28201446,0.46917632,-0.14900541,-0.08455473,-0.13354586,-0.13531467
3,-0.16326821,-0.1825952,-0.032542866,-0.048514195,-0.091489926,-0.11916545,-0.10361306,0.09120786,0.06622269,0.0654014,0.05065788,-0.068509094,-0.056361962,-0.026356038,-0.1168263,-0.26712814,-0.11889152,-0.100813806,0.44860238,-0.041024163,0.06606432,-0.1453062,0.010654373,0.12371988,0.19879204,0.15667526,0.06345548,-0.036949567,-0.16516535,0.019856341,-0.0032007173,0.0010573213,0.05305248,0.4086826,0.360269,0.47376025,0.009728482,0.1838602,-0.18835023,-0.15362878,-0.104903765,0.21737885,0.12552382,0.21642198,-0.044957805,-0.2098436,0.030796016,-0.014728419,-0.019237028,-0.017792666,-0.028194344,-0.030937431,-0.042888045,-0.14719537,-0.1664969,-0.1099157,0.009270096,0.11102521,0.24934494,-0.05894825,-0.21167345,-0.025776386,-0.05661779,0.11187643,0.054247558,-0.1882075,0.7287618,-0.09265614,-0.29048347,0.19313745,0.074592456,-0.36694515,-0.20075656,-0.013690682,-0.076420344,-0.041579887,-0.1342159,-0.078083165,0.12207368,-0.16783631
4,-0.16326821,-0.18109359,-0.025073813,-0.04983752,-0.029233927,-0.24520902,-0.3704206,-0.16778426,0.058032162,0.1525264,0.16042326,-0.013989905,-0.4429856,-0.23719308,0.05139859,-0.16178486,0.02679054,0.24127842,0.21907943,-0.43802345,-0.22571017,0.08334353,0.17519426,0.2609727,0.14015326,0.082881995,-0.04164404,-0.14807801,-0.048235156,0.04695484,0.33149344,0.26538548,0.29123405,-0.008010698,0.033996567,-0.17362975,-0.19901967,0.0736664,0.17186165,-0.16541952,-0.063073754,-0.06837903,0.24399586,0.23498051,-0.049913388,-0.017260104,-0.02929513,-0.16378552,-0.18930738,-0.16662313,-0.16992597,-0.17465712,-0.36288944,-0.32534486,-0.006397798,-0.0040832986,0.014081805,0.10230261,0.19282714,-0.04360733,0.13032793,0.16783512,0.012994602,-0.0015733094,-0.30990583,-0.2647802,0.30493608,-0.1578439,-0.37270984,0.22858968,0.38287595,0.322631,0.3867335,-0.1781637,-0.10868929,-0.1737513,-0.2857697,-0.097243786,-0.0024327894,-0.24581707
5,-0.16326821,-0.17956544,-0.05144394,0.004699923,-0.1366759,-0.31019965,0.034024898,-0.056681294,-0.008953594,-0.010370248,-0.17713144,-0.35417607,0.22901765,0.3772193,-0.12472005,-0.06433487,0.11480052,0.3954052,0.067054555,-0.5990688,0.30378518,-0.12377227,-0.033521753,0.12176401,-0.014776926,-0.12172054,-0.079013236,0.014413944,-0.05547891,0.04862767,0.017048283,0.04532112,0.17790069,0.1755701,0.2157289,0.20657855,-0.11709204,-0.22577867,0.009582255,0.029598253,0.022959495,-0.14376515,0.047062773,0.17988852,-0.041062687,-0.15273735,-0.28017223,0.1802582,0.2798807,0.2377012,0.23305188,0.44889808,0.36244643,0.25314385,-0.108284496,0.047000803,0.057786714,0.047915906,0.15132195,-0.11612902,0.1714057,-0.07345887,-0.31348434,-0.31363967,-0.23144563,0.23524009,0.14109509,0.20342262,0.08273451,0.26809853,-0.52598757,0.075763926,-0.12611844,-0.164125,0.06066104,-0.18118045,0.011064048,0.41649914,-0.5391035,-0.4578968
6,-0.16001345,-0.17589965,-0.1924383,0.10553426,0.0043994654,-0.004821957,0.14994958,0.35471913,-0.0826205,-0.49477828,-0.15336244,0.23052263,0.07247215,-0.12734815,0.10617776,-0.028979827,0.21006942,0.23837139,-0.29184526,0.025990715,0.055927876,-0.2779929,-0.07062057,-0.028729916,-0.100233726,-0.26249856,-0.12185583,0.07233875,-0.016979927,-0.13605864,-0.084916785,0.05527262,0.06035755,-0.100012146,-0.21902269,0.062973775,0.3379252,0.33584037,-0.5529297,0.029222839,0.2011662,0.13409854,-0.10298896,-0.21068662,0.38993198,0.039719682,-0.043926813,-0.20850468,-0.10063056,-0.1584958,-0.12953688,-0.26232997,-0.09113413,-0.03576785,0.19208848,0.3300692,0.22348164,0.11768959,0.037514325,-0.29287955,-0.16781189,0.003494263,-0.07793174,0.06006088,-0.14013304,-0.057107,-0.47452685,-0.1025902,0.26071757,0.44347295,0.35923356,0.2376226,-0.04197036,0.67835927,0.18057372,-0.3986135,-0.08042781,0.0055210735,0.38847372,0.14165701
7,-0.15245344,-0.16353953,0.101140216,-0.1442791,-0.23643684,0.25103533,0.1707072,0.11676256,0.2631762,0.55504453,-0.17406198,-0.3310076,0.116169184,0.2409235,0.033211034,-0.26033399,0.20608386,-0.18681282,0.14456514,-0.21720211,-0.13647093,-0.08127496,-0.019983692,-0.055976864,0.020894151,-0.16516662,-0.1543058,0.12894815,0.028496325,-0.050573204,-0.055241853,0.13747166,0.13154157,-0.017340569,0.24907966,-0.29029396,0.08887136,-0.14907831,0.15291828,-0.5491791,-0.20523645,0.64005864,0.22335279,-0.1738341,-0.42060867,0.0382048,0.1458689,0.3603017,0.17554434,0.20227797,0.1286184,0.097026125,0.094430745,0.064412065,0.13657767,0.3506638,0.18041682,-0.7597888,-0.5739176,0.17756547,0.38030574,-0.25247958,-0.10990186,0.10141439,-0.014993319,0.15428703,-0.06569827,0.3132131,0.070165254,-0.21047498,-0.15618286,-0.19137841,0.47341013,0.1664681,0.013261494,-0.07624624,0.18052824,-0.14564475,-0.22004044,-0.18063971
8,-0.13772936,-0.23886807,0.09798603,-0.10910135,0.5006242,-0.008184946,0.51999193,-0.06492395,0.30999848,-0.16685872,-0.50842124,-0.28086555,0.07480227,0.18320559,-0.18271478,0.41649488,-0.0009809857,0.28139076,-0.5988485,0.25875193,0.07727872,0.010217564,-0.014734383,-0.19877113,-0.055425774,-0.18994917,0.07721083,0.062300846,0.050710585,-0.11453875,-0.23622818,-0.18214597,-0.14608319,0.119966835,0.20421833,0.39497873,0.1459824,0.45077145,0.37693384,0.01149524,-0.18392363,-0.30888802,0.2417856,0.4956408,0.6878035,0.026708793,-0.28986296,-0.21340619,-0.24256524,-0.24618371,-0.25049254,-0.33052394,-0.19910854,-0.39282936,-0.6180107,0.016730316,0.45020917,0.7151166,-0.4556778,-0.33499476,0.04382129,-0.21410674,0.033858933,0.3737019,0.22890127,0.13753626,-0.0038848813,0.090415664,0.18847051,0.02492305,0.16104737,0.09074282,0.008820999,0.47382444,0.28451124,-0.13438343,0.32591313,-0.029364662,0.118463404,-0.080258675
9,-0.36059532,0.24122138,-0.039174903,0.15219335,-0.2894712,0.6436544,-0.06573219,-0.3244531,-0.13524923,0.044402648,-0.061507106,0.41199636,0.031653624,-0.1130936,0.29711092,-0.05293088,0.14318734,0.1413003,-0.007268895,0.2859725,-0.24889554,0.06529338,0.07065373,-0.029821679,-0.2043461,0.05546355,0.0028077469,-0.0863298,-0.13353957,-0.03626532,0.0581538,-0.018729297,-0.16227879,-0.026760504,0.08014006,-0.22298993,-0.4947004,-0.32007313,-0.40354696,0.4352874,0.5599124,0.26872236,-0.27026716,-0.4982534,-0.2198072,-0.38252643,0.40361464,0.46283883,0.34178767,0.37838706,0.40066043,0.3673854,0.6513402,0.22150902,0.4934498,-0.24278226,-0.28746086,0.20748338,0.30126527,0.34078276,0.3548529,-0.24831529,-0.18152516,-0.114910364,0.03671145,0.4429001,0.27636698,0.37755248,-0.15752493,-0.095669694,0.2348755,-0.50467134,-0.07193513,0.25506204,0.27840683,0.17665912,0.09989706,-0.2432634,-0.04262456,-0.25401524
10,-0.14984874,-0.04182184,-0.007414918,-0.03593396,0.15198329,0.123702176,0.2683264,-0.09359123,-0.29651973,-0.3454797,0.39750418,-0.054639425,-0.11203373,0.0664654,0.11349049,0.3001664,-0.071589015,0.38137951,0.31279862,0.022728063,-0.090922154,0.013434746,0.20727547,-0.09868738,0.17151684,0.10377664,0.23657371,-0.33271772,-0.21589535,0.26621562,0.054071605,-0.17908251,0.29911578,0.093846805,0.034750573,0.25935113,0.4097461,0.04047299,0.043485012,-0.26265994,0.25636983,0.64037555,0.48180273,0.71585965,0.041479874,0.024035238,-0.1853405,-0.07622915,-0.10443697,-0.039400056,-0.014402616,-0.038318686,-0.18990369,0.04637339,0.22043662,0.5093786,-0.16895294,0.015829397,-0.30556047,0.18046525,0.15638226,-0.18507293,0.23651265,0.20778678,-0.03125553,-0.19697562,-0.29256797,-0.5484317,0.22176895,0.33421394,0.036669835,-0.07031921,0.38134047,-0.15554067,0.037709083,0.008328941,0.04186687,0.32682654,0.2863866,-0.2743419
11,-0.06644365,0.16410123,-0.23343095,-0.1053192,0.0047905995,-0.045374177,0.1282724,0.5873825,-0.23447083,0.11876233,0.10724467,-0.050992046,-0.3056974,-0.038425013,0.3060439,-0.07430884,-0.07969297,0.3214325,-0.09939117,0.59008676,0.037984677,-0.15854155,0.16452126,0.4613416,-0.18083945,-0.4004279,-0.053330645,0.58190525,0.099764615,0.2179091,0.17855315,0.039304726,-0.018266987,-0.2276041,-0.23033898,-0.38234085,-0.3581986,0.05006678,-0.13817997,0.18800485,0.20337386,-0.6137223,-0.60828084,-0.6582153,-0.026881002,-0.024490707,0.19355929,0.029332044,0.10289214,0.033528905,0.15364648,0.07997137,0.015420611,0.051013418,0.4688754,0.14786084,-0.4325934,-0.32240123,-0.3420166,0.3744969,0.4419883,0.23783554,-0.21537434,0.010701955,-0.15502864,0.15187825,0.04121346,0.57074136,0.048976433,-0.26500964,-0.20606214,0.08702603,0.028790591,-0.1377109,0.045604717,0.06378349,0.15541516,-0.019413462,0.051652715,-0.18814027
12,-0.07358543,-0.174825,0.16590892,0.3991703,-0.31386608,-0.23748513,-0.07532445,0.70970976,0.33122015,-0.5057678,-0.34535,-0.20578223,0.06255984,-0.08905948,0.07982611,-0.021670023,0.3239309,0.047289755,-0.39784768,0.34126097,0.11956869,-0.08669525,-0.35980734,0.05207067,0.07009346,0.60502476,0.19157842,-0.12059759,0.040852737,0.013101359,0.03196552,0.1752594,-0.037650112,0.12282618,0.18714745,0.08144854,0.11323503,0.026530176,0.02000749,-0.1769358,-0.41559967,0.9288392,0.5702336,0.23793863,0.052802317,-0.02992546,-0.046550687,-0.06020166,-0.14224565,-0.3093833,-0.3253308,-0.21992859,-0.26294902,-0.3798721,-0.09273009,-0.13387088,0.5299998,0.34104463,0.004056945,-0.28300023,-0.14958444,0.03187736,0.35990748,0.08939346,-0.08595849,-0.029219227,-0.1810669,-0.08076824,0.037078958,0.69732845,0.3540408,0.21695353,-0.29653108,-0.10367501,0.040248126,0.20652166,0.07644838,-0.030352356,0.015934631,-0.19501391
13,-0.010931598,-0.28992364,0.4314309,-0.07898628,0.028741028,0.017638458,0.15497456,-0.34144107,-0.67259645,0.6132153,0.6589386,0.19950384,0.11468035,-0.00887637,0.056858316,0.123386994,0.13101523,0.1464524,0.037993472,-0.1111858,0.16477506,0.35570797,0.38939655,-0.36239347,0.053417046,0.15552804,-0.1567815,0.30436403,0.3610612,-0.1560172,-0.21906336,-0.18858744,-0.040744506,-0.08373327,0.06350647,0.0028230837,-0.13568616,-0.34236163,0.65426683,0.14293699,-0.06371166,-0.4515431,-0.32855895,-0.13384128,-0.1476954,0.28130114,0.30733797,0.23380424,0.17657971,0.10964813,0.069195926,0.19881234,0.21360701,0.14740422,-0.16026554,-0.6513237,0.02860823,0.23063503,0.57920593,-0.00481148,0.026176041,-0.042984314,-0.021223001,-0.09025056,0.22871931,0.31922597,0.4172944,0.054269616,0.13386248,-0.30297515,-0.15400392,-0.16762333,-0.15123774,-0.09362818,0.1769838,0.18896972,0.045841035,-0.06543858,-0.010393049,-0.19824986
14,-0.16697352,-0.1219628,0.15497676,0.1624014,0.03207164,-0.53032243,0.29548684,0.25827405,0.3732079,0.50512695,-0.47328675,-0.07824155,0.18943062,0.36059007,-0.04136294,0.14679089,0.39471957,0.019697454,-0.24894047,-0.07278732,-0.4983723,-0.1592541,0.2151365,0.33033597,0.23712969,0.01071566,-0.13525078,-0.2695529,0.08187072,-0.2854045,-0.12228039,-0.07981358,-0.14182612,0.22575857,0.23680596,-0.058037646,-0.024052542,0.0035952716,0.15370585,0.031765435,0.30410758,0.45736715,0.3689371,0.0232531,-0.02563676,-0.08579785,0.32603222,0.3379877,-0.07716152,-0.30251375,0.15169504,0.12908077,-0.078085154,0.26548195,0.08782822,0.1604321,0.032846335,-0.2085344,0.25912136,-0.079503335,-0.013740389,0.28989214,0.02197359,-0.18414237,-0.19299859,0.1885339,0.23427041,0.14816214,-0.036959216,0.21661474,0.19946802,0.039425198,-0.41343498,-0.28313836,0.24014507,0.19968306,0.036688425,-0.17761302,-0.03484359,-0.20102191
15,-0.032859884,0.02893713,-0.087466836,-0.13958395,-0.12353562,0.3206164,0.47312388,-0.04188415,-0.17800333,0.22127582,0.39395976,-0.1058629,0.14253873,-0.23886557,-0.24599208,-0.15893944,-0.15220527,-0.18762602,0.3878232,0.7164388,0.3536821,0.2874379,-0.08432893,0.007291156,-0.37143642,0.30242026,0.22968659,0.24534018,-0.11590809,-0.17473409,0.3295583,-0.24772942,-0.15467289,0.28328857,0.124512956,-0.15675415,-0.051046122,-0.08575033,-0.10839279,-0.14769894,0.15767244,-0.116497844,-0.2666222,-0.16401614,0.02085629,0.56907225,-0.09097393,0.120079234,0.12140378,0.45740065,-0.119355254,0.117919706,-0.08828343,0.36102223,-0.27272856,-0.22405924,-0.26366597,-0.2713916,0.16164151,-0.01599905,0.17137994,0.1670366,0.044547252,-0.22713752,-0.00086503633,0.12474452,0.57437366,0.06445,-0.26807982,-0.23833275,-0.21628916,-0.16302451,-0.056019392,-0.13237965,-0.12675977,0.28391582,-0.10592504,-0.23933652,-0.048268184,-0.19768886
16,0.08184501,0.048722092,-0.16711669,-0.2984317,0.55273217,0.25487316,-0.19609126,0.29350823,0.08851665,-0.35205764,-0.3065307,0.0013811924,0.20807907,-0.19346964,-0.13883588,0.3444596,0.098378696,-0.17608847,-0.35383737,-0.4602647,0.37838808,0.54484624,-0.20717631,-0.24305847,0.28196833,0.20135154,-0.15034376,-0.049238212,-0.06340461,-0.03571735,0.23714489,-0.18363388,-0.118073784,0.26820475,0.018185385,-0.12721497,-0.06992694,0.19203046,-0.43545538,-0.28190923,0.16695589,0.27549046,0.43501034,-0.2950987,-0.16407245,0.20802884,0.28776756,-0.4605756,0.17531592,-0.15450463,0.031395935,0.091437064,-0.122629,0.18833387,-0.13768071,0.26604044,0.09336343,-0.09353756,0.038353655,-0.14828281,-0.12197567,0.433876,0.13503544,-0.2424354,0.23240542,-0.16330387,0.16367252,0.030018669,0.2826127,0.33219147,0.0957215,-0.109955594,0.061745003,0.1945483,0.29080743,0.077771224,-0.1240238,-0.23906924,-0.044772707,-0.19947073
17,0.07905985,-0.06763543,-0.26204115,-0.09682211,0.1740852,0.19808595,0.42460126,-0.8240481,-0.23121348,0.14789581,0.25122407,0.1550706,0.3751253,-0.28063682,-0.11301276,0.11716737,-0.1021824,-0.13772018,0.24394469,-0.3166358,0.4862317,0.24983379,-0.36076975,0.24022111,0.11686721,-0.018620776,0.14530416,0.107692756,-0.20242697,-0.3541873,-0.10143251,0.16759901,-0.21681719,-0.061418157,-0.20379639,-0.46946046,-0.2882171,0.08338863,-0.29762703,0.00062077696,-0.030833567,0.07532467,0.36549795,-0.13870744,-0.39558113,0.23148806,0.0886285,0.42040044,-0.17931876,0.016573913,0.04331602,-0.0077699423,-0.010231641,0.009751811,-0.2880716,0.034920044,-0.006430176,0.13100733,0.22595052,-0.05577614,-0.20548467,0.23590352,0.24297862,0.092907354,0.056402896,0.088642955,0.1137705,-0.23234802,-0.04296996,0.058705874,0.048563156,-0.06567651,0.047257844,0.342804,0.082976006,0.13760664,-0.13652842,-0.20792784,-0.029540146,-0.1985792
18,-0.094325565,-0.17992015,-0.035014644,0.28025252,-0.38487118,-0.21965984,0.3630527,0.7422862,0.13146548,-0.49851346,-0.32952735,0.19081907,0.38912407,-0.14674367,0.15540056,0.2861906,-0.4493646,-0.17682241,-0.006088664,-0.17115584,0.01620624,0.13024576,0.5268166,0.18404609,-0.2855926,-0.66424996,-0.15388143,0.24539478,0.45100883,0.24224724,0.0047494853,-0.26234466,0.6241375,0.4345615,0.55108196,0.07262468,-0.12026242,0.21127468,-0.331242,-0.2930285,0.00812259,0.30960676,0.4597354,-0.15439934,0.044527538,-0.27438453,0.012120013,-0.25397754,-0.1211058,-0.29839155,-0.05590227,-0.009843099,-0.023716623,-0.23330946,0.21308726,0.4917552,-0.17808495,0.021865392,0.5880993,-0.11255621,-0.5329415,0.26914755,0.162946,-0.027261684,0.012418647,0.0037649237,0.061580427,-0.48251322,0.0049204216,0.40871382,0.3310494,-0.20364359,0.15931053,0.12592895,0.21261574,0.07685064,-0.17485392,-0.17039423,-0.016492933,-0.2001187
19,-0.14735626,-0.26765496,-0.03358401,-0.17811367,0.5368688,-0.12584707,-0.068784244,-0.3746594,0.6886529,0.58512706,-0.10777968,-0.2726519,-0.07317525,-0.07404174,0.09711728,-0.042664785,-0.24527176,0.18361154,0.4144705,0.49188447,-0.09995462,-0.597541,-0.15135446,0.3221483,0.63365513,0.28286323,0.2391151,-0.18132825,-0.60134023,0.23393694,-0.047270384,0.26786745,0.0696722,-0.36682004,-0.6149185,-0.23850532,-0.21320438,-0.21849309,0.32234868,0.68074113,-0.41127416,-0.15583314,0.21112484,0.27511016,0.1514581,0.11594151,-0.52911496,-0.11654393,0.15382685,0.23278747,-0.2308598,-0.059422415,0.2777723,-0.20690088,0.11842031,-0.09690141,-0.045007654,-0.18179613,0.50565636,0.45016524,0.0928961,-0.17084858,0.11011048,0.04204742,-0.15601644,0.0055676475,0.14690758,-0.03422731,-0.09092115,0.14349672,-0.09072962,0.059665702,0.0036287173,0.047374994,-0.0036608188,-0.030339947,-0.09199923,-0.104314156,-0.004415774,-0.2007579
20,-0.1644354,-0.21714427,-0.13991392,0.01376829,0.15466683,0.29963306,0.08935346,-0.25645158,-0.45840096,-0.080800936,0.7877347,0.5871297,-0.053065166,-0.12415574,0.017814446,-0.1161078,-0.19717067,0.040033232,-0.15426783,-0.014545326,0.442219,0.03894653,0.37577015,-0.11939224,-0.34238994,-0.40977585,0.40210947,0.08502099,0.12492256,0.27720192,0.45857263,-0.12839578,-0.14232062,0.09317333,0.10838158,0.43258014,0.41889095,0.12899157,-0.14166042,-0.022404697,0.65489256,0.2755244,-0.028461715,-0.43035784,-0.10856507,-0.117428005,0.64386207,0.24314648,0.12230661,-0.19467478,-0.07160865,-0.12934567,0.005188322,-0.117200814,0.34897888,-0.0706342,0.36447418,-0.11898321,-0.21434122,-0.19273485,-0.47881672,0.44333035,0.30729195,0.11873942,-0.44336322,-0.22005038,0.011287498,0.31770474,0.035884194,0.020077465,-0.11647739,-0.5348224,-0.22127438,0.20011333,0.052688204,0.017657695,-0.05858396,-0.04996895,0.005768693,-0.20010008
21,-0.16985342,-0.16114144,-0.10007654,-0.17011169,0.12607871,0.4457111,-0.19264783,0.09066842,0.024638468,-0.23087987,-0.028990256,0.053115007,-0.13961104,-0.18203935,0.032052007,0.06279112,0.108533025,-0.00990315,-0.24079482,-0.074352935,0.023836052,0.015180096,0.069908135,0.0095602935,0.2110586,0.15556966,0.22756849,-0.22736755,-0.400975,-0.34706858,-0.14576891,0.24266054,0.34007752,0.046286926,-0.25981513,-0.33776233,-0.027109288,0.027591903,0.15883636,-0.12546195,0.65385485,-0.056836344,0.2063797,-0.17310451,-0.37159306,0.37622494,-0.024004659,-0.21241534,-0.043994926,0.18233329,-0.07971145,-0.11167974,0.10773936,-0.06903693,0.063833915,-0.2424175,0.14935182,-0.0011814791,0.39446825,-0.38414544,0.5589637,-0.040499356,-0.23104341,-0.016901972,0.76840466,0.39571816,0.15478739,0.3726473,-0.25943798,0.07660365,0.1298519,-0.010126253,0.021855587,-0.23681284,0.11175795,-0.019589173,-0.04216681,-0.03804714,0.006051366,-0.20010008
22,-0.17153625,-0.16460466,-0.047694605,-0.18565126,-0.009296258,0.06604684,0.09642019,0.112795465,-0.08264347,-0.023929656,-0.067356035,0.006395434,-0.008161496,0.12074432,-0.12317858,0.07160628,0.37245783,-0.17194857,-0.13846947,-0.30729482,0.078273356,0.26466244,-0.28944308,-0.48687366,-0.03210031,0.12063974,0.120764636,0.16636983,0.45889354,0.101831324,-0.15906054,0.02540329,-0.0734432,0.30794314,0.18392918,0.45535523,-0.090531655,-0.031638503,-0.14400807,0.24512698,0.037030645,-0.08580111,0.5425545,-0.2889558,0.49555716,0.08435723,0.21246804,-0.088705964,0.13110183,-0.12504275,-0.19385782,-0.33546034,-0.00022814264,-0.012416379,0.549029,-0.048466623,-0.16885214,-0.21056998,-0.10258327,-0.10430792,-0.021114385,0.64085746,0.23009941,-0.24761327,-0.0030933244,-0.33084685,0.4501001,-0.058626562,-0.07068348,-0.0506568,-0.038720153,0.34845886,-0.06580193,0.112234384,-0.28307924,-0.26904598,-0.0048316894,-0.012826042,0.008990111,-0.2027398
23,-0.16618064,-0.13791795,-0.035245102,-0.091313444,0.026438264,-0.04768527,-0.19424489,0.09199219,-0.04946634,0.10001698,0.17180888,0.087523036,0.3102315,0.2913861,-0.3164882,0.17513788,-0.041756056,0.69581985,0.51527596,-0.39471337,-0.7504772,-0.2212202,0.83241117,0.27171075,0.61715746,0.08064975,0.02539903,0.0057418356,0.113188066,-0.023038747,0.32862112,0.11106811,0.0059958757,-0.07721564,0.004931546,0.013707771,0.05858443,-0.18542731,0.077210285,-0.49708822,0.13171886,0.15156958,0.1906677,-0.14860606,0.1409303,0.13770579,-0.32324678,-0.5532039,0.22042148,-0.1496562,-0.07596286,-0.039305996,-0.16859083,-0.25555024,0.1121093,0.110097766,-0.07985027,0.20730238,0.6730519,0.10060236,0.17210229,0.064172536,0.0056698686,0.1420181,0.12882999,-0.0005552539,0.2779533,-0.014778197,-0.009216154,-0.12112773,0.07463208,0.022536295,0.25800738,0.23951691,0.2550372,-0.14010292,-0.26008385,0.029466126,0.0129850255,-0.20432422
24,-0.15250063,-0.11484424,0.07182452,0.076327555,0.2624179,0.09064165,-0.27174813,0.113982074,-0.23441711,0.19986661,0.06501146,0.043897327,0.18116306,0.1880754,0.20722885,-0.15013446,-0.11429646,-0.55519116,-0.26600468,1.0,0.57615155,0.4382907,-0.6056754,-0.50503534,-0.094654545,0.09188229,0.017654924,0.035841614,0.0869075,-0.08254077,0.118829615,-0.33687568,-0.48566914,0.13104805,0.2854009,0.3113945,0.38661724,-0.06906407,-0.80483514,-0.033344623,0.197621,-0.21100459,0.016254267,-0.24314234,0.10272167,0.47550234,0.13051118,0.15436645,-0.0847255,0.21142991,-0.3437824,0.017751925,0.08363044,-0.11845876,0.545382,0.24137114,-0.010022688,-0.7289805,-0.34815946,0.27172536,0.48920435,-0.086555995,-0.48033455,-0.07058169,-0.13243586,-0.35352248,0.11088515,-0.10786661,-0.028634524,0.09271807,-0.16436407,0.0916312,-0.00844309,-0.01667155,-0.013655329,0.035607472,0.22239804,-0.06326384,0.18525718,-0.28649426
25,-0.15070423,-0.1316231,0.048499327,-0.092773385,0.27743787,0.12480294,0.14274222,-0.106315345,-0.2348594,-0.19397765,0.050150387,0.5042197,0.09319441,-0.075234376,-0.012779192,0.37152413,0.26650915,0.1463122,0.4192692,-0.28416383,-0.09590143,0.12321228,-0.15957299,-0.009131034,0.15495457,-0.12020359,-0.09164145,-0.00063106144,-0.054928444,0.042274527,0.24783081,0.19518049,0.10785947,0.25767353,0.3248572,0.07268951,-0.4651353,-0.17805469,0.5049011,0.12593919,-0.23905605,0.08429075,-0.2143562,-0.18714972,0.1708911,-0.038881104,0.057095412,-0.34974346,-0.52793515,0.004200028,0.26607943,0.5340963,-0.20920125,0.39024496,-0.22995804,-0.018195825,-0.13773257,0.41454297,0.18839967,0.3340387,0.2635569,-0.34228006,-0.21160798,-0.13807665,-0.04053118,0.17734526,0.23158719,-0.16776155,-0.0075092544,0.10265216,0.13187137,0.20696916,0.06136138,-0.058261193,-0.064458184,0.26064393,-0.013107276,-0.0043695956,0.0013077729,-0.41162843
26,-0.16082546,-0.16768609,-0.03312751,0.050026756,-0.0015267952,0.12372646,0.019634968,-0.039366312,-0.36469167,-0.3601907,-0.40054178,-0.11274851,0.11957672,0.4336902,0.55320084,-0.11087661,-0.26261875,0.17915314,0.17426871,0.044987015,-0.08455552,-0.39409834,-0.56761116,0.06315651,-0.04191422,-0.39032704,0.034348313,-0.034044784,-0.044656087,-0.019602578,-0.010411002,0.0222184,0.023744931,-0.026522664,-0.038945526,0.36857486,0.23338844,0.3365343,0.13439651,0.02425786,0.08633874,0.091335,0.0017065516,0.21133146,-0.017023994,-0.26635113,-0.5092082,0.08077043,0.45834213,0.3167128,0.47609022,-0.29674956,-0.23755752,-0.025580453,0.20009138,-0.049863443,-0.03898731,-0.14824292,-0.101878546,0.23010996,0.17882374,0.285867,-0.01714442,-0.2550415,-0.29369566,0.4274034,-0.0064706896,-0.043816864,-0.07584134,-0.0025650477,0.059831046,0.046913393,0.3264124,0.040157918,0.035221953,-0.12870155,0.01140532,0.19273117,-0.35484037,0.26698467
27,-0.16372459,-0.17899863,-0.028558224,0.018979665,-0.039397176,0.05502493,0.027711332,-0.0988642,-0.20060724,0.06304393,0.23240426,0.27472952,0.021733038,0.16985205,0.24738431,0.2839251,0.6743096,0.4197673,-0.11267398,-0.45899996,-0.09793852,0.37077194,0.09400586,-0.39088315,-0.35115945,0.4633679,-0.047374118,-0.15715624,-0.09827593,0.055362243,-0.06313534,0.029535009,0.017126035,0.23654719,0.04960106,-0.07597632,-0.10404095,-0.04995385,0.3953571,0.48853928,0.15269609,0.19500467,-0.010651709,-0.07301041,0.05143356,-0.42326686,0.34490353,0.16594611,-0.2103147,0.12600258,0.2482418,0.09700882,-0.5151916,0.2870915,-0.35673496,-0.24128753,0.07488675,-0.0049615353,0.06614418,0.14873637,0.09919645,0.03829123,-0.046394944,-0.12638775,0.1705177,0.07128983,0.15114006,-0.07516544,-0.02998749,-0.066294365,0.20689476,0.22527961,0.14301546,-0.18251266,-0.30022,-0.11005664,0.124412805,-0.040360823,0.4598494,-0.40074682
28,-0.16152364,-0.17449678,-0.018497098,0.04436613,-0.17995164,-0.0034649817,-0.023266817,-0.035347372,-0.082070306,-0.11374876,0.12412907,0.19473395,0.46475598,0.43289694,-0.14999361,-0.61103976,-0.3811683,0.13752145,0.65414774,0.17561561,0.11092473,-0.24127917,0.36842838,0.48875543,0.4560605,-0.40318516,-0.3397528,-0.16202247,-0.28214577,-0.46982312,0.19893458,-0.20068957,-0.19089662,0.14557852,0.066611074,0.114689805,-0.049388435,-0.24870017,-0.0015999506,-0.058653466,0.25228685,0.18584816,0.060893636,0.16948885,-0.2617575,-0.3014177,0.16899914,-0.018271236,0.040189084,-0.07296666,0.082604446,-0.21172218,0.45213717,0.05385071,-0.18966196,0.39938986,-0.21049298,-0.11746583,0.27273363,0.1958526,-0.24315654,-0.13282259,0.14800994,0.16853707,-0.24630933,0.14410213,0.20183125,-0.025327576,-0.020834183,-0.040729336,0.017762892,-0.25083038,0.33190095,-0.019800792,0.16252814,0.28251296,-0.26071152,0.098136485,-0.22359231,0.018881392
29,-0.15869176,-0.17281577,0.19178388,0.0669711,-0.5347336,0.15426724,-0.032959525,-0.37133035,0.013230893,-0.11459852,0.23869465,0.07974721,0.032255847,0.08709559,0.020606654,-0.065267555,-0.06477639,0.10475327,-0.24105616,0.22611965,0.30097854,0.35376343,-0.07586335,-0.30652037,0.29529673,0.9769072,0.13734642,-0.3878707,-0.45973054,-0.11820749,-0.12179016,-0.008048103,0.5377174,-0.19069606,-0.38812873,0.031936515,0.099791616,-0.114365846,0.044145595,-0.10788586,-0.14857446,0.08144789,0.2441434,-0.1695631,0.14584251,0.079950534,0.14731327,0.02087406,-0.1604603,0.4501827,-0.09183499,-0.40564442,0.19375522,-0.07602692,-0.12365358,0.082906716,0.4497276,0.43356845,0.16915451,0.18957108,-0.050024778,-0.17047171,-0.33011976,-0.14228489,-0.12503408,0.19316131,0.052371547,-0.026788909,-0.0034889467,-0.04242115,-0.0059327167,-0.06633997,-0.18861087,-0.19172153,0.2682117,-0.21471463,0.11312736,-0.22577426,0.106329605,0.2820514
30,-0.16611694,-0.4179947,-0.16949539,0.24902177,0.09296266,0.7083468,0.23105222,-0.047421638,-0.12592354,-0.20416087,0.01588232,0.009290725,0.25799447,0.13827096,-0.033494413,-0.03501887,0.31126365,0.018924367,0.086719185,0.1716385,-0.2660742,-0.09670921,0.4216229,0.30978522,-0.22573437,-0.4182856,0.07285974,0.46783698,0.49801022,0.33079523,-0.2355705,-0.15046225,0.09418541,-0.079979666,-0.1944872,0.14961733,0.20904157,0.04838298,-0.0040844143,-0.51172966,-0.11022904,0.17628689,0.2394044,-0.23675933,-0.13370644,-0.59314203,-0.088533826,-0.00897181,0.1247612,-0.20204474,-0.07398562,0.14859857,0.23285294,0.22402318,0.048898105,0.2548251,-0.029174333,-0.016112564,0.106933676,-0.054757077,0.17878051,0.034347016,-0.33752823,0.052235495,0.041147172,-0.12522161,-0.29948962,0.18941449,-0.061394442,-0.0115280375,-0.299765,0.32887813,0.19076738,0.3820669,-0.17866358,0.12502185,-0.4527921,-0.09046969,0.27898848,-0.12468132
31,-0.16617674,-0.037777774,-0.109900564,0.13513681,-0.35434768,0.4930812,-0.054103117,-0.04078629,-0.028675877,-0.15105516,-0.01859032,-0.099240296,-0.15247965,0.04276456,0.31434265,0.31040883,0.0026267066,0.026921384,0.111273885,0.16043876,0.26259285,-0.054686394,-0.5338173,0.21909256,0.5122966,-0.10573987,-0.052969065,-0.13340095,0.113992594,0.12398029,0.05658954,-0.021727769,-0.064526014,-0.09369772,0.37122604,-0.3810684,-0.20801674,-0.02712405,0.26603338,0.059309468,-0.19292499,0.11020301,-0.32585922,0.081775606,0.16454878,0.6299892,0.12816079,0.2137065,0.034684606,0.45599663,0.06380029,0.06408104,0.2318066,0.07484013,-0.09617348,-0.26603445,-0.16952825,0.10453319,0.007340046,-0.20864014,-0.06619534,0.04481423,0.4434089,-0.086464524,-0.053266943,0.03390925,0.33819833,-0.04740052,0.09737448,-0.14803034,-0.09343114,0.059963606,-0.10912298,-0.21670903,0.034284122,-0.022641564,0.17998795,0.038150307,-0.09490819,0.14200084
32,-0.17054078,-0.23538047,0.0132127125,0.020876065,0.09845354,0.7076694,0.25336063,-0.18744177,-0.23558576,0.031842284,0.055527333,-0.050339647,-0.066074684,0.12422931,-0.044014562,-0.07053414,-0.055807702,-0.11362107,-0.13612743,-0.099414326,0.057433177,0.085681856,0.5126307,0.15885222,-0.11656546,-0.10799413,-0.0020972898,-0.02628641,0.14789194,0.25861827,-0.13052484,0.57306063,-0.07812754,-0.28947732,0.17571908,0.051025745,0.12479203,-0.020787658,0.11548057,-0.008289651,0.3712596,-0.11348513,-0.051241033,-0.50648105,0.21675266,-0.4296751,0.27614254,0.1831496,0.16362406,-0.10656705,0.08794253,0.2875775,-0.08620315,-0.44751993,-0.073461846,-0.12435207,-0.13223459,0.020501949,0.13923746,0.1611481,-0.22851317,0.08943986,0.3133071,0.25771946,-0.42719457,0.29351157,-0.14081866,0.05392028,-0.09033463,0.017773286,-0.10537625,0.16907644,-0.007892036,0.3819582,-0.2509508,-0.049410854,0.0049229898,-0.20896167,0.12357233,0.25962985
33,-0.17455763,-0.13361864,-0.14427702,-0.14478046,-0.038901843,-0.050338663,0.1211048,0.23448782,0.0004091831,0.013998833,0.12590343,-0.05424758,-0.07414439,0.028321741,-0.11248848,-0.104484394,-0.18604119,-0.35128874,-0.06829685,0.32851958,0.15361603,0.14150006,-0.011328205,0.15181498,0.6680511,0.17476596,-0.27798375,-0.43943894,0.37514699,-0.19687277,-0.012034569,0.65474945,-0.5110215,0.21885628,0.2673938,-0.12738891,0.047602415,-0.21114707,-0.3723937,0.2923918,0.09879497,0.31708357,0.10159738,0.36452985,0.26690182,-0.39336532,-0.04858519,0.38792744,0.056235235,-0.0076432284,0.16988933,0.3524378,-0.0634011,-0.17451356,-0.039805774,0.09766071,-0.032927964,0.05107328,0.09666855,-0.0017018714,-0.019859618,-0.32973444,0.07126122,0.073919356,0.5781138,-0.13360383,0.22342013,-0.026417192,-0.093384095,-0.088499576,0.021984832,-0.016025703,0.109546915,0.17013332,-0.24535082,0.060576715,0.09355608,-0.17814873,0.13313606,0.19975421
34,-0.20516469,-0.31595337,-0.13136402,0.07119977,0.5498487,0.10917581,0.20332529,-0.3592313,-0.02910455,0.24612047,0.19557233,0.02889088,-0.11902648,-0.0691638,-0.082724765,-0.0018370576,0.056574225,-0.27269492,-0.15143536,0.105933845,0.04273157,0.08702078,0.278316,0.022677505,-0.030908857,0.25644207,0.31535393,0.17608503,-0.13191636,-0.20416951,0.12244868,-0.05243797,0.07241249,0.36293992,-0.3638502,-0.049166497,0.40140244,-0.37851235,-0.2359071,0.091490336,-0.24731454,-0.26092088,-0.5004253,-0.037510235,-0.32670602,-0.2307146,-0.14443873,-0.26537928,0.25284863,0.003688192,-0.019262495,0.009026005,0.019127993,-0.25207177,0.09258652,0.16896732,0.044106293,0.06777967,0.023009958,0.010050745,-0.0621199,0.006283373,-0.36519647,0.0058587934,-0.124968946,0.09573175,-0.0896856,-0.061561227,-0.12234925,-0.040529575,0.020170588,-0.017561883,0.38232306,-0.11828346,-0.104796074,0.18864745,-0.046701774,-0.25863293,0.071866825,0.18475196
35,-0.23428452,-0.30549008,-0.18392462,-0.18853624,0.37353262,0.3069797,0.33004612,-0.4904586,0.04404522,0.15037727,0.10191993,0.073411435,-0.048135407,-0.029679917,0.10687361,0.033951048,-0.31662306,-0.12072915,0.16791835,0.011077609,-0.46811712,0.15835217,0.1754321,-0.05312896,0.072969906,-0.40229923,0.16837087,0.23635633,0.41560727,-0.15030788,-0.17842507,-0.4291245,-0.2641306,0.06412997,-0.29193133,0.0022219275,-0.045803294,0.08537571,0.4697346,0.050527804,-0.19948152,-0.16317326,0.25256467,0.051264375,0.090271026,0.19936982,0.19983236,0.21960674,0.54223025,0.19328895,0.010873299,-0.02916016,0.22714943,3.5461653e-05,0.089449145,0.06767477,0.13999741,0.018217977,-0.014220711,-0.18896827,-0.045951117,0.4336843,0.38908494,-0.6081593,0.025053112,0.327464,0.32908317,-0.11762148,-0.06400147,-0.011978851,0.14344339,-0.1327364,0.43069547,-0.13017717,-0.071454324,-0.1399722,0.11107094,-0.08383211,0.056780394,0.12213103
36,-0.20792457,-0.27711883,-0.10147238,0.032541197,0.07270175,0.22807203,0.31619525,0.07888769,-0.367839,-0.29837173,0.08067782,-0.02275749,0.05643653,-0.0513578,0.025914885,0.20000234,0.28470123,-0.3809533,0.09379424,0.092982754,0.2548111,0.11850001,-0.16831794,0.2036196,0.06450807,0.03794572,-0.16462217,0.1558779,-0.111551404,0.31389424,0.16913112,-0.13693364,0.2551699,0.19316219,0.08447834,-0.022032883,0.1259031,0.0013739201,0.1627179,-0.028191846,-0.30827585,0.12509875,-0.11569628,0.039907467,0.24104425,0.047166977,0.19804637,0.072719336,-0.19987622,-0.0059472374,-0.06947065,0.055678803,0.26159826,0.1427966,0.016679337,-0.0972459,-0.16736339,-0.3988303,-0.43196508,0.30246243,-0.28924546,-0.07877099,-0.26955336,0.5733474,0.2604145,0.20365629,-0.14121076,-0.07943174,0.08866493,-0.04260697,0.004586002,-0.06802645,0.028065024,-0.0962373,0.14925168,0.45819452,-0.12781267,0.05053365,0.03609267,0.25275183
37,-0.18008006,-0.1922461,-0.031838108,0.057296168,0.34158483,0.030484254,-0.21757556,-0.19258581,0.18465248,0.27853364,-0.4821017,0.10516093,0.16255312,0.3139835,-0.0070268796,-0.00158603,-0.041131113,0.14869452,-0.42674083,0.13793391,-0.28302714,0.059203908,0.051439248,0.2289918,0.2863052,0.010143821,0.15891029,-0.1973295,0.018497806,0.045896523,0.0728657,-0.019395677,0.43078768,-0.13826847,-0.06762146,0.23775528,0.117220774,0.17909078,0.23511155,0.036821987,0.43875247,0.57489914,0.16028331,0.21573721,-0.21003509,-0.016888004,0.07223194,-0.14170408,-0.15704195,-0.1941139,0.22060074,0.059080638,0.047112614,-0.053668674,-0.20882112,0.042326335,0.4349311,0.151233,0.12266244,0.13367029,0.24981824,-0.07464925,-0.009044582,0.043471042,-0.3279031,-0.13833192,0.13332446,-0.0464002,0.07577651,0.09384635,0.0431883,-0.04478593,0.22543296,-0.24090144,-0.025408654,-0.3476142,0.058078628,0.0033702252,-0.016957775,0.23830047
38,-0.21443604,-0.21048309,0.053913604,0.15535416,0.24404405,0.18107589,-0.085236266,-0.24929261,-0.014379971,-0.07658358,-0.0116998255,-0.1360636,-0.0011611622,0.22410536,0.2735678,-0.22844145,-0.106352165,-0.04516287,0.41377872,-0.15628508,0.062235348,0.17941852,-6.87392e-05,0.03403493,-0.09074944,-0.08602802,-0.013299488,0.09240424,0.20275934,0.24169628,0.33982882,0.5246397,0.48716655,0.042911265,0.51481736,0.049424987,-0.05842577,0.06888326,-0.11446063,-0.0650507,0.29260656,-0.25116265,-0.21241508,-0.12544124,-0.15532131,-0.022628387,0.15137641,0.43416667,-0.09486909,-0.18323432,-0.31681564,0.19059159,0.26980594,-0.033903945,0.09177648,-0.099604204,-0.4412047,-0.13843681,0.0684199,0.45165166,0.01883471,0.030851208,-0.1099188,0.045601588,-0.22106014,0.13748674,-0.08270083,-0.17938599,-0.04788899,0.010629351,-0.2110645,0.017031662,-0.004245198,0.4772019,0.29318273,0.053549748,-0.15225936,0.05422333,-0.0022121111,0.13912591
39,-0.20634846,-0.23033802,0.051193498,0.18770574,0.36000633,-0.10982472,-0.4625928,0.23254277,-0.045834757,-0.20816463,0.3833993,-0.20683195,0.022054125,0.11752453,0.1435111,0.17712829,-0.51416487,-0.15820797,-0.19534133,-0.1912124,-0.13973546,0.17661953,0.00608528,-0.041580006,-0.1147384,-0.05905539,0.3437865,0.30342585,-0.04624333,0.12088795,0.11461816,0.08457418,-0.05276609,-0.09621459,0.16071129,-0.103874676,0.24177672,0.1011167,0.04428934,0.071488045,0.063021384,-0.046530742,-0.011291315,0.0431143,0.12739034,-0.04942067,0.12760824,-0.10717526,0.3802906,-0.008945901,-0.20694245,0.013333006,0.06761864,-0.07480137,0.28533825,0.1617908,0.07255862,-0.1517583,0.28652388,0.30976894,0.19327511,0.09959761,-0.2593798,-0.27735823,-0.19508988,0.093077436,-0.3426076,-0.15871455,-0.023629306,0.019636504,0.057418298,-0.033403784,-0.041731935,-0.02448077,0.13904667,-0.06211265,0.11783676,-0.010164054,0.08387336,0.09108144
40,-0.19475776,-0.23222965,0.07750432,0.30950361,0.22907247,0.28805572,-0.30480635,0.0022191794,-0.2689682,0.4070674,-0.11155448,0.042181607,0.061626174,-0.2933928,0.06317771,0.60631347,0.43482852,-0.5125714,0.037674256,0.090517186,0.39982092,0.0075297393,0.15937927,0.13144827,-0.11104537,-0.25765356,-0.030490555,-0.13061257,0.15727964,-0.058125276,-0.0044898293,-0.12892793,-0.060918357,0.28520426,-0.34043083,-0.32474896,0.34968588,-0.073104784,0.10918628,-0.06995723,-0.26924264,-0.05087245,0.26667508,0.09040038,-0.0067169894,0.63164794,-0.0050694444,0.02470386,0.09824513,0.3358731,-0.09242859,0.21226656,-0.20442459,-0.06545368,-0.14391032,0.1895385,-0.25022814,-0.16106336,-0.03772173,0.21753606,0.048287995,-0.26258752,0.17614,0.24910636,0.20564923,-0.01968885,-0.02191757,-0.0073203775,-0.052077327,-0.072443046,-0.04027257,0.014101678,-0.16679752,0.40007955,0.23716843,-0.18526345,-0.03805314,0.14592603,0.23467599,-0.09729517
41,-0.1680387,-0.28394103,-0.018858796,0.08526281,0.21345618,0.06692562,-0.05806717,0.041410033,0.08252537,0.006130978,0.14419997,-0.25884083,0.22204696,-0.014874586,-0.36588314,-0.0806106,-0.24752411,0.4433783,0.24617046,0.022895904,-0.041934047,0.08898445,0.1642458,0.17315201,-0.08767115,-0.42778343,-0.35567537,-0.052119426,-0.028441254,0.048174147,0.17073779,0.11529821,0.04531007,0.373172,-0.59701633,0.0018480622,0.016326234,0.15073204,0.17183751,0.22295672,0.3325849,-0.123089656,0.24190897,0.17712322,0.6413267,0.034513045,0.21491882,0.031593047,-0.042012386,-0.2281578,0.08083663,0.044907317,0.0874083,-0.08813868,0.11321601,0.04651321,0.6078804,0.44259724,0.16833314,-0.091537066,-0.20632125,-0.2190863,-0.16575973,0.00437868,0.074741945,0.16605268,0.10155187,0.027398406,-0.053976417,-0.100953594,-0.05548076,-0.10593769,-0.00055644196,0.25740993,0.15692046,-0.2737526,-0.10271736,0.14522941,0.30110663,-0.23354898
42,-0.2221884,-0.3340747,-0.17405802,-0.016459415,0.06994817,0.15785575,-0.08559991,0.23456775,-0.4795776,0.6608924,-0.06627092,0.009541069,0.1390002,0.01686237,0.03957403,-0.03891838,0.08442302,0.13215409,-0.129075,0.00660686,0.34079328,-0.08901246,0.0032213943,0.19928075,-0.108496115,-0.2511332,0.05646923,0.17884043,0.060572464,0.155487,0.18596397,-0.05219767,-0.3844987,0.06001938,0.2600854,0.028314864,-0.09497376,0.13850154,-0.010009583,0.032039646,0.10980002,0.20500103,-0.48648262,0.20454611,-0.14553727,0.01865331,0.16096064,0.13496137,0.03351921,0.083872154,0.13181743,0.12632713,-0.14427686,0.40635392,0.11504698,-0.13594405,0.01329572,0.5922168,0.25495693,0.02353725,-0.44396684,-0.2942842,0.11893905,0.07580428,0.0023177161,0.04134308,-0.030200597,-0.07715199,-0.14548229,-0.1729765,-0.13246934,0.09611097,0.19959475,0.2344035,-0.1508345,-0.12420264,-0.23080288,0.054718617,0.17935991,-0.23914859
43,-0.17871308,-0.31622228,-0.092591695,-0.026384635,0.015444624,0.09802466,0.12395607,0.015593635,-0.14181657,0.20018815,0.008974306,0.2238156,-0.26504993,0.23616369,-0.058511116,-0.054496665,-0.2614065,0.14437768,0.015243879,0.20707196,0.016048912,-0.19907203,0.07536279,0.19106945,-0.02622601,-0.12511477,0.14837939,0.052127816,-0.033902433,-0.37480557,-0.11055569,0.5306669,0.61006784,-0.34842405,-0.74402016,0.19420452,-0.22103783,-0.021970384,0.16949616,-0.37818217,0.006389098,0.038472652,0.44230673,-0.11340883,0.03667713,-0.032010052,-0.060562275,0.1359591,0.11715206,0.24879229,0.008080097,0.0929793,-0.15338166,0.1934215,0.6743991,-0.24474406,-0.34320572,0.038887944,0.2586372,0.011948117,-0.043803737,-0.101216905,-0.06809721,0.19087449,0.082007706,-0.043704107,0.07091918,-0.1882867,-0.36624628,-0.1790997,0.03604673,-0.12005668,0.30751166,0.27647635,0.12486431,-0.12629652,-0.222736,0.24657859,0.09520629,-0.24147147
44,-0.14198619,-0.18369186,0.020292083,-0.011795626,0.21451704,0.043552697,-0.32273978,-0.024577579,0.4420834,-0.4755564,-0.007782435,0.015217502,0.3494325,-0.16307789,0.11452663,0.21140774,-0.17159474,-0.16066252,-0.055122085,0.2789384,-0.23565854,-0.03242334,0.072419025,0.29091933,-0.16062921,-0.21930605,-0.046919297,0.30774873,0.10823396,0.42533958,-0.20423955,-0.34233013,0.28403237,0.17784174,-0.043947093,-0.07093549,-0.14050849,0.20784926,0.14900161,0.038314186,-0.4618293,-0.05736643,-0.24776062,-0.00011921356,-0.21073347,-0.07406823,-0.16465023,-0.13367379,0.14978097,0.19093755,-0.00047981838,-0.15749879,-0.023345698,0.582243,0.34900743,0.09177431,0.09215126,-0.35376185,0.18629788,0.05643927,-0.39843658,-0.15923373,0.12785672,0.0140276225,-0.14141178,0.12414412,-0.0038986218,-0.047277298,-0.27513677,-0.49817616,-0.10098895,0.18533473,0.38112783,0.1854576,0.06878836,-0.16640306,0.025547247,0.08235061,0.045586023,-0.31060022
45,-0.1534066,-0.1086479,0.011192754,-0.018335018,0.056368165,-0.16774811,0.2833524,-0.3139798,0.025009455,-0.019383185,-0.21896873,-0.02996439,-0.06388492,0.058781344,0.03180571,0.10320185,0.3440978,0.35205203,0.19298561,-0.092526846,-0.0829041,-0.04015276,0.07302921,0.17100745,-0.035384525,-0.20787518,0.14597832,-0.025106346,0.0848265,0.13253453,0.1668839,-0.31430128,-0.5394691,-0.33483073,0.7176797,0.14904217,-0.13434058,0.013177911,0.051184464,0.2126719,0.3506726,-0.651588,-0.08658045,0.23937534,0.31250244,-0.20814933,-0.14409637,-0.25501493,-0.20331621,0.23529571,0.28198045,0.0012987485,-0.21896528,0.13350238,-0.0597688,0.4408909,0.24473494,0.327995,-0.23820227,-0.086308874,0.21687877,-0.34308538,0.04169574,0.091761425,0.5294242,-0.09800433,-0.3783417,0.033880137,0.040461723,-0.16743916,-0.3211765,0.33548728,-0.040415786,0.10356575,0.39167973,0.118594885,0.02700019,0.38748166,-0.04824087,-0.28844047
46,-0.16042952,-0.117574275,-0.17377625,0.35561177,0.0164529,0.14987612,-0.2539302,-0.25732416,-0.061206393,-0.19524007,0.16582488,-0.27273032,-0.32832846,0.25762558,0.06608023,-0.019646307,0.43877763,0.3255622,0.053255845,-0.2569119,-0.18354097,-0.13557371,0.07922753,0.10527184,-0.5074068,-0.52525055,-0.26518914,-0.07718044,0.0053711026,0.11193642,-0.32791764,-0.17402723,0.05411164,0.058473315,0.09548315,-0.05047547,0.28176397,0.3869388,-0.3533586,-0.3090093,-0.3588125,0.6430441,0.28635857,0.19292746,-0.23004578,-0.08338144,-0.014764037,-0.3345458,-0.24350417,0.28506014,0.18860145,0.0009137586,0.17204018,0.26386166,0.13170344,-0.48169017,0.03862463,0.38008395,-0.18312822,-0.066141196,0.120062,0.30368218,-0.40216684,0.01324413,-0.07592731,0.11594302,-0.029182564,0.03145905,0.44971564,0.037239358,0.17030588,0.3641427,-0.060117655,-0.2868254,-0.10546422,-0.15722501,0.28143987,-0.018755903,0.042795017,-0.2065217
47,-0.1580902,-0.12364267,-0.022652833,0.11443299,0.15430912,0.047681633,0.03833071,-0.29001027,-0.35264653,-0.26233733,0.18630603,-0.2665907,-0.19699295,0.20391929,0.14225866,0.19633779,0.03440732,-0.093625136,-0.26689485,0.3889502,0.16742349,-0.0445963,-0.010305169,-0.22189021,-0.21243367,-0.27842993,0.3582107,0.024760947,-0.17171595,0.4177886,0.3415135,0.47871873,-0.06411977,-0.12904537,0.024901353,0.058260042,0.09425474,0.11808833,0.048541952,-0.082206726,-0.036508955,0.067135654,-0.14974885,0.011244524,0.2253867,-0.088934265,-0.24266091,-0.35694322,-0.062369607,0.022437027,0.19652613,-0.19756319,0.18668589,0.37680054,-0.121857464,-0.390344,-0.15586755,0.1267314,0.25870907,-0.07901729,0.15720226,0.08051315,0.58672464,-0.117045745,-0.15310717,0.3624458,-0.016145937,-0.26064068,0.068208195,0.4560022,0.1902469,0.64441985,-0.27099797,0.08610579,-0.18381746,0.053291053,0.1629967,0.09293214,0.016862178,-0.1920512
48,-0.1549316,-0.13180538,-0.0046422845,0.011494616,-0.058668397,0.54517627,-0.08928461,-0.36805165,-0.075470306,-0.15054823,-0.3643189,-0.032923788,-0.12014265,0.26610944,0.2674112,-0.23770617,0.13319847,-0.060296103,0.055026405,-0.12448244,0.13051154,0.1233056,0.05314869,0.21859394,-0.1269637,-0.3273273,0.41839808,0.13964379,0.040939752,-0.316954,-0.2520478,-0.034436364,0.19526254,-0.06805845,-0.13907148,-0.14574265,-0.14139222,0.036477104,-0.062856734,0.27691025,0.14069076,0.04859239,-0.14988412,0.15014286,0.009154471,-0.13935296,0.114449844,-0.010866387,0.254245,0.54037106,-0.09418556,-0.2061639,0.25642124,0.039235312,-0.3399303,-0.21728165,0.0056485673,-0.119016066,0.095781796,0.22878343,-0.35952774,0.043306865,-0.075074844,0.3945137,-0.27955174,-0.15969996,0.009710684,0.3412613,0.023869365,-0.23334646,0.46648082,0.17742655,-0.35918963,-0.14747432,-0.19569588,-0.008674436,0.23924896,0.016919686,-0.008796158,-0.20248304
49,-0.15429029,-0.14508261,0.30600104,-0.25625104,-0.14221847,0.480276,-0.29304114,-0.28455934,-0.065451086,0.09558421,-0.067718856,-0.06434548,0.19882353,0.41965032,0.11586483,-0.0556522,-0.24641028,0.07919316,-0.09399384,0.068671435,-0.21525985,0.19920969,0.052532967,-0.06571501,0.3546616,0.5111004,-0.12843387,-0.033759482,0.22562538,-0.06651974,-0.058504686,0.11284587,-0.02028607,0.2302266,0.2151089,-0.116047464,-0.14869232,-0.109088145,0.10514607,0.48759344,-0.13234472,-0.38871506,-0.25317076,0.29413557,-0.2023579,0.18304364,0.02549676,-0.12306755,0.53345835,0.41863102,0.0833779,-0.1781884,0.025355682,0.5062398,-0.16139324,-0.65423185,-0.16792658,-0.23120998,-0.028893135,0.4579095,0.43195644,-0.55155045,-0.024384081,0.41046527,0.47576392,-0.31442043,-0.018027313,0.041076753,0.00763862,0.008432097,0.14555635,-0.090942964,-0.19768578,0.10626433,-0.08866332,0.33936423,0.33460718,-0.10719676,0.035246354,-0.18942755
50,-0.1606756,-0.17302893,0.08848108,-0.15926659,0.35356414,0.0033380396,-0.32907763,0.31498387,0.062489793,0.47514364,0.13828413,0.13019831,-0.007146045,-0.32066226,-0.12745191,-0.2047512,-0.5225542,-0.10426469,0.2189302,0.14937857,0.12207123,0.09466866,0.11728153,-0.47426298,-0.47083515,-0.17719312,0.44770285,0.15511991,-0.11422643,-0.22177567,0.15912971,0.0013745801,-0.498121,-0.26131406,0.048724685,-0.059979122,-0.05514664,-0.16144042,-0.017296178,0.008519378,0.21759029,-0.01685667,0.32323182,-0.04556206,0.1487153,0.13177454,0.09283712,-0.06077068,0.10943178,0.31364527,0.086640574,0.04449565,-0.15558432,0.23671532,-0.2457222,0.3750601,0.5672585,0.029619854,-0.40771964,-0.26671895,-0.27845615,0.65616244,0.28142613,0.092126876,-0.36272147,0.06276856,0.13693121,-0.007900832,-0.0144996885,0.021767143,-0.006927983,-0.09208324,-0.130527,-0.18239997,-0.017778818,0.5245614,0.14535327,-0.04157698,-0.023704885,-0.21453227
51,-0.16341238,-0.18105735,0.08567106,-0.4128855,0.68757564,-0.09421576,-0.078021534,-0.15346222,0.40151688,0.22969297,-0.069709584,0.34890953,0.3472429,0.3391742,0.6966395,-0.2405972,-0.40396428,0.30073404,0.33724084,-0.09125688,-0.028066296,0.028973227,0.15949482,0.5100376,0.049819615,0.12469804,-0.2841059,0.16214378,0.32242057,-0.12934284,0.11560227,0.26256424,0.407751,0.14410108,-0.37672597,-0.16798937,-0.21983331,-0.20761876,-0.2784437,-0.2204283,-0.15169899,-0.30026293,0.046606164,0.55527437,0.21180062,-0.20701152,-0.24206857,-0.18337132,0.1288232,0.2216002,0.21521305,-0.029002197,-0.3226841,0.1352945,-0.5153794,-0.126447,-0.47319806,0.19687817,0.24116097,-0.11230238,-0.06491589,0.030835774,-0.299449,-0.22960839,0.10057314,0.265477,0.18443058,-0.0024252532,-0.09173359,0.26016715,0.2343141,-0.22999318,-0.0751083,-0.09273306,0.14763871,0.31331217,0.17859162,-0.10425046,-0.054964423,-0.23883826
52,-0.16297023,-0.18045095,-0.026078451,-0.097480945,0.46717453,-0.0027613048,-0.091274686,0.07610761,0.19326983,-0.08628008,0.038220305,0.5852168,0.4661889,-0.72850025,-0.20723301,-0.31829703,-0.21308097,0.313134,-0.009657439,0.30434987,0.37193623,-0.047087327,-0.24592358,0.13606104,0.37558493,0.19811727,-0.21793813,0.1522343,0.08285342,0.15737264,0.09240345,-0.20240144,-0.50845927,-0.45712373,0.2585363,0.3500493,0.3380683,0.57794905,0.49882406,0.25711823,-0.3916928,-0.29126343,0.131254,0.37821117,-0.046004638,-0.114826456,-0.22811279,-0.13709901,0.23339958,-0.3964523,-0.2693597,-0.04822978,0.18093754,-0.302781,0.17725971,0.9337308,0.05379414,-0.21848881,-0.44251305,-0.06192614,0.15397614,0.14010425,-0.13396583,-0.10119519,-0.29245436,-0.020599045,0.49422014,-0.037777103,-0.047953576,0.37479278,-0.11187273,-0.20186841,-0.13924532,-0.12223419,0.041487243,0.30014336,0.097961724,-0.015983006,-0.05037267,-0.23194145
53,-0.16319025,-0.1818347,-0.040340997,-0.050512575,0.014259257,-0.12686722,0.17218389,0.4385599,0.03317047,0.044752285,0.07720961,-0.11558643,0.43101743,0.92164814,0.4796088,-0.32692826,0.07064615,0.63425565,-0.2254958,-0.45548657,0.02508123,-0.0004460128,-0.027383668,0.02960694,0.42820626,0.07748492,0.020114833,0.1105043,-0.08492046,-0.24584039,0.18258879,-0.019109955,0.069633774,-0.094293356,-0.06100469,-0.085293345,-0.5089423,-0.39738357,0.121537514,-0.12026828,-0.14532563,-0.16060363,0.08661604,0.31678784,-0.16363907,0.145508,-0.22732732,-0.026671592,-0.37566614,0.6118831,0.47468558,-0.2685962,0.17774104,-0.21778068,-0.40445495,-0.4887145,0.30836013,0.7086282,0.56691194,0.40449917,-0.35080597,-0.5164449,-0.40179968,0.04840686,-0.38781533,-0.06055071,0.12261855,0.034186017,0.27357057,-0.027154014,-0.17877696,-0.14633465,-0.07562315,-0.1164124,0.13822071,0.27317724,0.071960114,-0.10905851,-0.054163963,-0.23869103
54,-0.16341662,-0.18315701,-0.07338586,0.04157461,-0.24074644,-0.25543392,-0.10860774,0.6025493,-0.24445726,0.067279495,0.17753176,0.06533699,-0.30813304,-0.5701244,-0.20633206,0.2551448,0.18488383,0.32604924,0.34342414,0.31683987,-0.5371357,-0.25755832,0.06776515,-0.09848131,-0.1563581,0.38587415,0.20690887,0.35824537,0.004591906,0.24384432,0.08917238,-0.100167625,0.040404398,-0.29288998,0.07842103,0.51484877,0.4428971,0.034344412,-0.24254927,0.11082782,-0.060425974,0.09384517,0.25551742,0.0278049,-0.13306339,-0.30465105,-0.11287106,0.43370765,0.3906857,0.081779875,-0.118098095,0.06661636,-0.03537514,0.42242992,0.50531995,0.41820827,-0.40266582,-0.21623218,-0.39841795,-0.08966954,0.6759682,0.6301593,0.53573227,-0.54414326,-0.15527026,0.3604591,-0.06794154,-0.15210411,-0.11734576,0.09792653,0.01598687,-0.17073254,-0.100281104,-0.037640102,0.2957797,0.18384196,0.06333993,-0.17114504,-0.08576254,-0.26002586
55,-0.16230245,-0.18622412,-0.071398735,-0.013830021,-0.29123995,-0.005272374,-0.14920408,0.40479285,0.075020656,0.2302846,0.17616004,0.4495108,0.42498243,0.28831053,0.17718576,0.16604653,0.65072584,-0.023543706,-0.27005732,0.17283913,0.34528583,0.14706361,0.0978471,-0.025225705,0.073979974,-0.028378444,0.0762226,0.1364005,0.15573902,-0.054007642,0.21807434,0.40034467,0.25018898,-0.09189017,-0.0023768907,-0.5348991,-0.20523626,-0.20195574,-0.006727466,-0.30080962,-0.071327545,-0.024006015,-0.051958546,0.05256435,-0.036742438,0.20943344,0.3088385,-0.21425256,-0.009924955,0.35015103,0.12186932,-0.23309882,0.25186184,-0.11664228,0.060537506,-0.039104965,0.25597653,-0.16485377,0.31548804,0.2446592,-0.44883546,-0.17956737,0.011498121,0.38246018,0.5361079,0.122256905,0.05559665,-0.21905711,-0.19009152,-0.045207944,0.021766447,0.16630164,-0.10062946,-0.075859584,-0.17128477,0.22035965,0.08722752,-0.1584009,-0.106835306,-0.25713003
56,-0.16159466,-0.19064765,-0.056122575,-0.059194308,-0.31295463,0.22184211,0.48503453,0.3736272,0.19231236,-0.28394657,-0.07551464,0.10802181,0.035947725,0.08731997,0.2561673,-0.26202786,-0.15967844,-0.016768094,-0.015609212,0.41780338,0.33653003,-0.088540666,-0.14174697,0.08282338,-0.24238122,-0.20143645,-0.13254,0.12357195,0.02667512,0.20925592,-0.19902313,0.0548857,0.020105317,0.559283,0.22961502,0.47808895,0.20154385,0.24325818,0.36691415,0.060655136,-0.07608241,0.18758336,0.51086223,0.17762367,-0.13340497,-0.30159667,0.1629541,0.06053429,0.013208608,0.031144945,-0.3082713,-0.22985953,-0.26044363,-0.053621992,0.16870606,0.23033322,-0.16233797,0.1573918,-0.01487143,-0.27241996,0.049814586,0.2647146,0.07896643,0.046133738,0.19595909,0.4095452,-0.03248536,-0.22331846,-0.15939637,-0.13225187,0.058043826,0.08641765,0.23022908,-0.096932136,0.13312298,0.005987991,0.045722336,-0.21400079,-0.070039764,-0.25226593
57,-0.16377148,-0.18313892,-0.04920468,0.073811516,-0.3899374,0.10130174,0.122503825,0.10646842,0.09224596,0.3978763,-0.2489736,0.44373927,-0.060637496,0.3257395,0.17103717,0.36409733,-0.048296575,-0.1810989,0.15860179,-0.23785739,0.17802021,0.37274665,0.27262327,-0.522731,0.48197415,0.6637317,0.24067809,-0.16626321,-0.07464974,0.08306901,-0.07780166,-0.023213342,0.2432285,0.036574718,0.08506301,0.1080233,0.12864578,0.22413239,0.24271493,0.18153155,0.032834023,0.08188853,0.18801941,0.34816635,0.51701754,0.016397828,0.06337123,-0.6328523,0.07315717,-0.17470531,-0.24561752,-0.042027485,0.07198468,-0.1902217,0.100440525,0.44966587,0.53152186,-0.06633632,0.23894,-0.058396414,-0.35874486,-0.074232884,-0.09511424,0.05312114,0.28777617,0.18145984,-0.031514227,-0.053110335,-0.13018893,0.048788697,-0.16467883,0.28774986,-0.009781824,0.10497169,-0.12263224,0.26734003,-0.07274056,-0.307253,-0.010392665,-0.25869596
58,-0.16327684,-0.18874942,-0.0814776,-0.08363419,-0.22287972,0.35997987,0.3173738,0.044361006,0.26854977,-0.69263315,0.10822266,-0.14966466,-0.24298427,-0.16108505,0.28884998,-0.08043388,0.07321496,-0.04384924,0.21376678,-0.19896513,-0.25082496,-0.19038433,0.0975121,0.5125734,0.4934343,0.024135597,-0.07427407,-0.23709227,0.12906559,-0.26264057,-0.5882393,0.16312456,0.3330245,0.2032273,0.14588164,0.12765338,-0.3475507,-0.17500336,-0.043519825,0.12527637,0.2667007,0.13475963,0.023172,-0.07161282,-0.20467727,-0.00092440314,0.36323854,0.094486974,0.27949256,0.07144292,-0.053777065,-0.037752524,0.33050737,-0.09031663,-0.25083196,0.12678066,-0.04929027,-0.13989858,0.20729901,-0.05515264,0.112770125,0.105997846,-0.26959416,-0.008340929,0.003063287,-0.06972067,-0.12071729,-0.1747284,0.12247452,0.14403926,0.07137918,0.11917127,0.07668613,-0.103781044,-0.20401148,0.13579983,0.1285216,0.21581255,-0.14914206,-0.25015718
59,-0.16448033,-0.18342724,-0.035073712,-0.091494724,-0.15911582,0.25418773,-0.08162772,0.17669243,0.23387113,-0.24199988,-0.28323835,-0.14300834,-0.18691838,-0.014575171,-0.09764684,0.048444662,-0.08054049,0.21505253,-6.549906e-05,0.30384997,0.40134457,0.01950199,-0.15307109,0.004054677,0.23657419,0.26539668,-0.18222676,-0.17270683,0.13829772,0.053674065,-0.21061347,-0.09211914,0.50804,-0.11216593,0.049333785,0.22689557,-0.07753044,-0.25607216,0.07118205,0.08555135,0.010388069,0.031537592,0.18268311,0.079086386,-0.0064005824,-0.0064852466,-0.1240779,0.0022206795,-0.17278813,0.014128691,-0.16301535,-0.0046442645,-0.3475738,0.5093569,0.45356524,0.31240174,-0.12983361,0.28597438,-0.10223302,-0.28078058,-0.3178525,-0.21762319,0.42613614,0.24160624,-0.06510504,0.13748474,-0.17631029,-0.42102173,0.069946915,0.12486172,0.14081994,0.21767467,-0.14242129,-0.1853325,0.1673729,-0.019679729,0.027121529,-0.14720346,-0.04741576,-0.23586534
60,-0.15160629,-0.16136621,-0.03335209,-0.06601651,0.035732448,0.31308436,-0.08948499,-0.36192742,-0.34419122,0.20899102,0.0075197066,0.4031059,-0.21956988,0.28380516,-0.064743176,-0.18916197,0.29177406,0.39901313,0.2955115,-0.40712932,-0.29815054,-0.23558299,-0.059803408,-0.011311391,-0.076244995,-0.17999572,-0.124190204,0.11842186,-0.21491687,0.03544418,0.2937647,0.39261726,0.08272172,-0.13394336,-0.25616404,-0.354212,0.015827047,0.41605067,-0.0063133743,0.08829005,-0.20117876,-0.4325935,0.120999336,0.014665608,0.056989063,0.015978133,0.11431838,0.15809117,0.13315234,0.17784452,0.5152879,0.20856908,0.3484901,-0.124683544,-0.24402754,-0.30359572,-0.018025141,-0.13120162,0.19301906,0.4081255,0.5268118,0.2187183,-0.18081301,0.23611923,-0.18178694,-0.34535033,-0.29218194,-0.052337356,-0.40364993,-0.141812,0.26351404,0.12523615,-0.095208995,0.12418154,0.07323379,0.3263426,-0.015357224,-0.023147723,-0.11056602,-0.26100627
61,-0.16685495,-0.1409301,0.03539888,-0.02326569,0.06961733,0.13469969,0.24916334,-0.000771312,-0.023625465,-0.35885173,0.055066187,-0.19200025,0.12777111,0.041895095,0.025356714,-0.30971384,-0.11562872,-0.118066415,-0.04698345,0.21350628,0.5851131,0.37877482,-0.2866561,0.029254207,0.16763519,-0.17041455,0.3574691,0.3990269,-0.20334007,-0.43614063,0.19603819,-0.042418968,-0.13211755,0.079004854,0.03025989,-0.16682723,0.053394236,-0.1932238,-0.48176545,0.053987253,-0.14141922,-0.31486815,0.22952741,0.5685804,0.24393663,-0.20459087,0.104637004,0.07379776,-0.110869415,0.024492122,-0.1468385,0.44504154,0.124921374,-0.00826187,-0.36770782,0.5413768,-0.2990538,-0.08529495,-0.061130095,-0.2811852,0.16980952,-0.13893524,0.08718082,-0.14437474,-0.5404554,0.14016846,0.07094462,-0.22731677,0.5736651,0.5187618,-0.0054157088,-0.46116313,-0.20684865,0.12073404,0.47453827,-0.33907422,0.018679231,-0.1393706,-0.15859106,-0.23310027
62,-0.19222444,-0.17075807,0.050691985,0.18588674,0.2436946,0.44232464,0.33404288,-0.16596624,-0.10444028,-0.1579316,-0.042872995,0.34412023,-0.10047506,0.42205787,-0.045719888,-0.12227328,-0.09428973,0.09419738,0.14541341,-0.2079614,-0.16811338,0.18372753,0.20524615,0.2211695,-0.29217115,-0.08205055,-0.12324065,0.7065806,0.33163053,0.119888306,0.36877766,0.0929511,-0.025756214,0.2878869,0.017653652,-0.07391407,0.07985862,0.42264435,0.09928767,0.05784056,0.013613519,-0.2751068,-0.57168293,0.39929065,0.35392946,-0.0787478,-0.111828454,-0.22511974,0.39141497,0.11913174,0.2270625,-0.18262309,0.24692778,-0.035481393,0.20291536,-0.14104219,-0.39261505,0.06982876,0.07518218,0.1797487,0.014645555,-0.13451609,0.53281444,0.39338246,-0.07426732,0.3117128,-0.09967707,-0.3394365,-0.16908792,-0.17142142,0.3878445,0.41732883,-0.17245516,-0.20615426,0.040802203,0.022602022,0.052832667,-0.09795216,-0.028050888,-0.19633992
63,-0.20104964,-0.1949672,0.11576363,0.2443894,-0.026949909,-0.04840619,0.1553424,0.35420334,0.706119,0.010431223,0.16651851,-0.26413184,-0.20723973,0.21716465,-0.6416599,-0.24963008,-0.08160814,-0.15487441,0.01351035,0.12222352,0.2247076,0.22791031,0.1437044,-0.33238962,-0.14280754,0.2427017,0.07254985,0.1920433,-0.09935372,0.25156313,0.14533912,0.09445251,-0.13667342,0.09573095,-0.1551024,0.20348525,0.02072037,-0.19733085,0.08578159,0.079759784,0.49632227,0.4467853,-0.048748903,-0.039371185,0.30672562,0.11362414,-0.3602416,-0.0031123692,0.14607847,0.07734651,0.026116494,-0.0055013206,0.34271178,0.26098114,0.2825045,-0.2896447,0.23070896,-0.17120883,-0.117550485,-0.44109666,-0.09213822,-0.0037468988,0.059393387,-0.29445806,0.2053525,0.42360574,0.10719584,0.24044593,0.2889349,-0.34215578,-0.19168697,-0.36935323,0.36954853,0.33121487,0.25723335,-0.1490388,-0.08075219,-0.043940492,0.034563784,-0.19728252
64,-0.27694148,-0.26002145,0.014155813,0.21646737,0.28463838,-0.050691817,-0.12910199,-0.5101013,0.25663432,-0.12104514,0.5200521,-0.30014476,0.617316,0.20431092,0.02208709,0.20133924,0.03205856,-0.11959985,-0.37074754,-0.058426417,0.093899585,0.34646836,-0.1907615,-0.15842953,0.09441605,0.11617641,0.02199687,-0.13183264,0.310849,0.7486718,0.37652352,-0.08157014,0.31020126,0.08931955,-0.3292824,0.064300366,0.24780925,0.15630434,0.47092995,-0.07589239,-0.09406313,-0.04924378,0.08420357,-0.0008824132,0.14750977,0.0985007,0.35778823,-0.18482655,0.17948762,-0.12617509,0.2649927,0.09196314,-0.5730009,0.3776062,0.39675185,-0.18235148,-0.35318065,0.38143212,0.19506516,0.23336653,-0.035085954,-0.06638656,0.4984872,0.17205457,-0.09729285,-0.29091993,0.024080312,-0.021232387,0.12361023,0.6026134,-0.16098517,-0.50119466,0.13084069,0.22523677,0.6594488,-0.0826357,-0.13513778,-0.16720536,0.03726812,-0.18159723
65,-0.2534991,-0.25379142,0.038601324,0.20742685,0.08407645,0.11851412,0.096581854,-0.1786312,0.32712036,0.16737342,-0.03306374,-0.39574528,0.06328368,0.108371906,0.28559962,0.10371077,-0.030102983,0.00019898127,0.5325495,0.3091587,0.10791559,-0.033017654,0.03326643,-0.1235488,-0.393135,0.327105,0.047638215,-0.028771821,0.029155504,-0.2144824,-0.10118196,0.13635808,-0.061667815,0.12224341,0.29812303,0.059538342,-0.1048946,-0.30252963,0.029560283,0.06756394,0.41210848,-0.05515804,-0.07111077,0.503084,-0.23899983,-0.10027527,-0.058480084,0.52851593,-0.28973147,-0.1878352,0.1492764,0.03046305,0.19771506,-0.05357992,0.22236437,-0.17874283,0.07363096,-0.4089571,-0.029313084,0.124048635,0.026523888,0.06527144,-0.46681803,-0.63729775,0.22225794,-0.035786185,0.3462958,0.24950275,0.0046757422,-0.6628304,-0.054076646,0.441137,-0.106306106,0.18458381,0.010638052,0.30164605,0.04194401,-0.004545584,-0.22234887,-0.16557756
66,-0.21340623,-0.036032077,0.107599296,-0.07679524,-0.102443725,-0.36257502,-0.109150454,0.20901862,-0.6686142,0.07843238,0.21902572,0.29461223,0.3336274,-0.03079268,-0.05210858,-0.016167117,0.35922912,0.0045636087,0.1351326,0.39050445,0.081533305,-0.40122423,0.16998819,0.16535552,0.13649487,-0.41469783,0.023530181,0.18696897,0.20011985,-0.09178048,-0.00032922335,-0.0033142066,0.000986482,-0.090003416,0.027869092,0.097957276,-0.12618451,-0.26701167,0.062160198,0.117083356,0.0922139,-0.37597638,-0.0638307,0.08483565,0.24178125,-0.324099,-0.032301642,0.29478502,-0.22883925,0.019491633,-0.1522351,0.4039049,-0.20519868,0.45577627,-0.6582826,-0.03933204,0.09399449,0.15665121,0.081135415,-0.3628374,0.061650272,0.24906737,-0.08188084,0.28494012,0.050896954,-0.1980282,-0.047431935,0.2733301,-0.51855993,0.3266843,0.20135763,-0.055855323,0.14917512,-0.16608277,-0.031830873,-0.1643166,0.34199575,0.035311166,0.0479425,-0.34564933
67,-0.3208873,0.11839188,0.14527027,0.20603251,-0.005056316,-0.43827307,0.21590771,0.5428117,-0.08270069,0.18769318,-0.28626803,-0.1263284,-0.006374685,0.1571071,0.14139012,-0.25191805,0.17946868,0.04689238,0.28228304,0.34298533,-0.1760078,-0.3590906,-0.078113236,0.081016116,-0.080126934,0.092602454,-0.19776429,0.050682288,0.30482867,-0.49134183,-0.2890297,0.009476446,-0.061813287,-0.122983545,0.18699773,0.26218218,0.14733543,-0.40445963,-0.15753013,0.3387674,0.015884133,0.3684284,0.114021085,-0.40402782,0.13159677,-0.070620164,-0.20049898,0.13036321,-0.036416333,0.5473521,0.2552484,-0.21818016,-0.07133906,0.18988723,-0.059810802,0.0936535,-0.4484645,0.0012742195,0.26728684,0.28326878,-0.27468628,-0.20912151,-0.2881175,-0.007887607,0.34880432,-0.13519059,0.599095,0.3695563,-0.008656172,-0.41796374,-0.5856889,0.72775435,0.39608386,0.26779696,-0.175478,-0.062327944,-0.15073736,0.1488552,-0.004788955,0.022872142
68,-0.119733915,0.09085384,0.20740193,0.08351968,-0.20711502,-0.24595147,-0.43048432,0.25436795,0.13057524,0.5054275,-0.50279254,0.6114595,-0.21735495,0.05241128,-0.12964429,-0.21209098,0.14108886,0.35307467,-0.12516117,0.21837617,0.115959875,-0.03666177,-0.13143413,-0.008308767,0.48154074,0.35064104,-0.3772901,0.21264884,0.062222037,-0.06869194,-0.05335541,-0.15104595,-0.06861547,-0.037288897,-0.2174053,0.036618233,0.2521903,0.088159494,0.3483485,0.42516476,-0.43145165,0.1983765,-0.0002638443,-0.07574884,-0.41964427,0.11816157,-0.048847426,-0.13112698,-0.4861532,0.10119177,-0.24375455,0.13937019,0.2941406,0.31720972,-0.007404765,0.0029110839,0.18615764,-0.10423891,-0.055862017,-0.21400891,0.14404866,0.023905618,0.6232858,0.39636213,0.067343205,0.24485947,0.23171386,-0.11111411,0.4889836,0.24940044,-0.07755159,0.0703865,0.10836428,0.2484239,0.030761106,-0.0016121672,-0.08081696,-0.27419636,0.09540084,-0.02818767
69,-0.11290394,0.11526668,0.16006629,0.086547434,-0.1093956,-0.17733468,0.15215206,-0.5103115,-0.31489968,-0.040994067,0.07356387,-0.41627896,-0.043140415,0.22370577,-0.09041367,-0.14468591,0.23111907,0.72813326,-0.13712667,-0.021150699,-0.13387202,0.13088967,-0.16866475,-0.20926057,0.085960455,-0.020493079,0.36614567,0.21185483,-0.34170586,-0.18484968,-0.13106555,-0.072919495,-0.10178249,-0.20363548,0.058476087,0.18648541,-0.21278475,-0.26962146,-0.03519036,0.44463658,-0.039901417,0.010574977,0.123761915,-0.07114053,-0.045206215,-0.012464837,0.35919926,0.03754616,-0.7074368,-0.11914709,0.25164354,0.48773697,-0.022371791,-0.12522721,0.27638024,0.429467,-0.115515985,0.05408819,0.1515361,0.91174614,0.2980357,-0.064913124,-0.47180197,-0.4445176,-0.20535353,-0.32144746,0.582642,-0.05277012,-0.4311512,0.1502672,0.6233434,-0.31822708,-0.050262026,-0.116039254,-0.13671307,0.117817774,-0.025390124,-0.24373089,-0.12526599,-0.23601328
70,-0.06319486,-0.0103003085,0.18122637,0.054402675,-0.3863273,-0.08839037,0.36510214,0.42389974,-0.16638693,0.032428056,-0.23156731,0.7794259,-0.17417958,-0.024423527,-0.05772316,-0.07567383,0.12847929,0.3769611,-0.10656061,0.1475687,0.056240756,-0.024506906,-0.04387029,-0.016997797,0.0617625,0.05247727,0.3760424,0.10711918,0.009285997,0.16219543,-0.18959765,-0.27883425,-0.29648438,-0.17231667,0.05277208,0.29453376,0.27929094,-0.097281136,0.23464252,0.48704422,-0.12105729,0.085292175,-0.24541543,-0.21013781,0.087455176,0.273298,0.18204038,0.026070172,0.22080714,0.477087,0.26545128,0.040650275,-0.103456095,-0.12747252,0.27394158,0.18960944,0.23854074,1.6860786e-05,-0.3075346,-0.5496503,-0.015457765,0.41786125,0.5721999,0.5047351,0.091611855,-0.23624268,0.016227541,0.15076958,-0.011911804,0.11421712,0.11719629,0.6502245,0.14032449,-0.24026008,-0.06468411,0.18701525,0.038275603,-0.11020581,0.06408702,0.12363909
71,-0.06610303,-0.0039166105,0.33333778,-0.09805155,-0.15588562,-0.29701495,-0.24556357,0.042280145,0.4055876,0.038729347,0.56133246,-0.21607815,0.14043058,-0.06924783,-0.3722156,-0.17281434,0.028529435,0.47241306,-0.19841632,-0.12135044,0.20912917,0.0030493182,-0.38387093,0.34158424,0.17753465,-0.2936173,0.1932721,0.060932446,0.022682594,0.064390086,0.24445899,-0.013614983,-0.068257466,-0.19084828,0.002380347,0.22737879,0.064430624,0.06573686,0.13044584,0.3136149,0.03198693,0.18362463,-0.023599533,0.009609388,-0.05621553,0.30013886,0.36863083,-0.12851617,0.15359919,0.18012248,0.14233147,0.072974175,-0.019788096,0.24542241,-0.16347302,0.13070753,0.22893691,0.54305923,0.06869151,-0.075639494,0.09671604,-0.4556595,-0.2767309,-0.028063849,0.6883521,0.057026457,0.09603223,0.2608981,0.14583354,-0.1457741,0.15413363,-0.08589704,-0.050951198,0.025764337,0.053847484,0.16409752,0.15458086,0.022040911,0.41010502,-0.05871522
72,0.01143303,-0.038814645,0.28055757,-0.18717624,0.115371734,-0.23725241,0.22230147,-0.03010896,-0.008504881,-0.150122,0.23833495,-0.21240328,0.10513114,-0.026392952,0.13360892,0.007936762,0.035107866,-0.08605103,0.011864426,0.7420119,-0.066508844,-0.27336338,0.19214559,0.10464622,0.38453025,-0.20943329,0.13869339,-0.29760903,-0.05183674,-0.017855141,-0.04519004,0.27118513,0.1279181,0.005321564,0.19361015,0.10341866,0.14819524,-0.13820335,-0.0386211,0.26255932,0.2104013,-0.048950847,0.26896292,-0.010095411,0.16967198,0.14336587,-0.055290334,0.013855714,0.18083377,0.014153916,0.24016303,0.108973384,-0.208431,-0.5601677,0.13647385,-0.07085326,-0.08462076,-0.007849734,0.2913668,0.36281577,0.025483716,0.33445805,0.3902284,0.22696008,0.081694074,-0.056383323,0.22355618,0.06222367,0.24700555,0.33749813,0.027933018,0.07440979,-0.005840156,0.03422327,0.17913619,0.15592948,0.02558422,0.2005299,0.108921565,0.08954795
73,0.00385668,-0.093512625,0.07460144,0.070867084,-0.048936952,0.19607677,0.33894694,-0.13292941,0.13188395,0.1385266,-0.4261507,-0.14456573,-0.062359937,-0.22938181,-0.08923188,-0.11337307,0.40666178,0.50813603,0.16361377,0.21846186,-0.31571284,-0.16902648,0.20560773,0.49510643,-0.5895661,-0.08760266,0.23747154,-0.44634113,0.32537937,0.2549384,0.09853179,0.34846732,0.468054,0.3887324,0.04371061,0.08085719,-0.036555253,-0.05065111,0.09798469,0.0796937,-0.37764475,0.18901232,0.3116441,0.33091265,0.26771206,0.047325384,0.008523338,-0.27741316,-0.11307104,-0.106776,-0.31399354,0.04386957,0.3040503,0.27577132,0.15699406,0.31186715,-0.016171966,-0.067234375,0.08100635,-0.0027729452,0.0952326,-0.13050437,-0.16900648,-0.34523195,-0.033370208,-0.1639586,-0.12665091,-0.059610777,0.28584114,0.38081443,-0.6180489,-0.20536783,0.27995184,0.010494705,-0.0037897648,-0.18818016,-0.08991984,-0.12208658,7.0923306e-06,-0.05197974
74,-0.08394844,-0.079530574,0.38406628,0.12394755,-0.396277,-0.312076,-0.09349253,0.008683113,-0.6567874,-0.21236348,0.75830173,0.0894785,-0.48890558,0.35086665,0.56318575,0.24131022,0.24007177,0.053928666,-0.1833929,0.19110021,0.20210277,-0.65599823,-0.34264752,0.2526908,0.07539574,0.16996789,-0.15421823,0.33961275,0.32367462,-0.19362205,-0.1556956,-0.09360992,0.0053727464,-0.23882641,-0.118710674,-0.13253333,0.033572778,-0.13350825,0.047114316,-0.20064245,0.54814297,-0.112876676,-0.13131537,0.005684737,0.002398504,-0.06152856,0.03576907,0.29404458,0.3533903,0.11275121,-0.14797711,-0.21209218,0.07081738,0.13038673,0.16816844,0.0004012147,0.20314717,0.023230372,-0.08172884,0.03214278,0.14939581,0.20526275,0.016175207,-0.033820182,0.1616,-0.256594,0.014039371,-0.10502337,-0.29245114,0.30032185,0.46428192,0.22270432,-0.38656926,-0.055222124,-0.12203385,-0.15125312,-0.06594088,0.15523545,0.18535966,-0.11212126
75,-0.13923645,-0.43772987,0.5293196,0.12171312,-0.10133852,0.04718432,0.43189496,0.28124025,0.8057074,0.24252932,-0.049895532,0.22530825,0.09870461,-0.20162572,0.13134816,0.23230025,0.2779945,-0.059676636,-0.074659,-0.33829948,0.0046608015,0.40664434,0.24067675,-0.32110184,0.25893924,0.52537113,0.6535258,0.25720945,-0.057243474,0.24235716,-0.29467145,-0.24206324,-0.38618344,0.348932,0.4366412,0.32336906,-0.14479984,0.39498627,-0.30311173,0.1763877,-0.5061839,-0.2952226,0.13952392,0.06734354,0.120853655,-0.13160886,0.044596046,0.13013634,0.10982794,0.06322365,-0.20414166,0.06665868,0.23971869,0.07228403,0.1839454,0.17326029,0.0656637,-0.3914657,-0.11125276,-0.22456859,-0.24522534,-0.102117576,-0.042219013,0.2681331,0.24517703,-0.08745147,0.08669687,0.19068402,-0.10145349,-0.15509354,-0.3628372,0.023656547,0.085567564,0.1423944,0.0032063336,-0.13883886,0.07203433,0.17231184,0.09163533,-0.049326994
76,0.06344917,-0.3510432,0.51492697,-0.22078438,-0.549222,0.24843948,-0.22508557,-0.17716172,-0.14917052,0.09257537,0.077162765,0.33703053,-0.18632063,0.3520094,0.07042178,-0.070838474,-0.14846395,-0.09142203,0.38359612,-0.35564196,-0.19535273,0.07390503,-0.062115654,0.15171583,-0.12690154,-0.3325238,-0.29290605,-0.070102625,0.53233916,0.14689201,0.32451355,0.40469357,0.32010683,-0.15827292,-0.22350965,-0.2262046,0.14875665,0.19914435,0.40806228,0.065303646,-0.024904726,-0.110130444,-0.104848996,0.20990753,0.12522891,-0.14168236,0.10903552,0.15571022,-0.014598405,-0.10767052,-0.1831833,0.027325682,-0.060778696,0.05041296,0.045616925,-0.027892936,-0.11524717,0.21596248,0.22868694,-0.17387562,-0.009687415,0.12818347,0.09341105,0.12503889,0.119526364,0.13626584,0.17763199,0.13349451,0.032176573,0.035672456,-0.16585362,0.3038583,0.019274615,0.10154526,0.07880034,0.07819283,0.16095603,0.028339658,0.03803076,-0.18899272
77,0.1529526,-0.46924978,0.05680082,-0.2929688,0.31508496,0.14696324,-0.06609946,-0.13158092,-0.2557392,-0.2752998,-0.14684018,-0.36062008,-0.19643459,0.09826066,-0.294351,-0.15459816,0.16985503,-0.0016366723,-0.2094195,-0.1892774,0.1268268,0.06768881,0.2102679,-0.20776564,0.07775465,0.07070283,-0.37154347,-0.10991688,-0.2753657,-0.19164678,-0.0077277725,0.01678966,0.21184276,0.0056053293,0.07883738,0.15103227,-0.30907995,-0.10934535,-0.32819515,0.17356043,0.17796995,0.038449783,0.043950934,0.22489947,0.09020215,0.0030628429,0.02529155,-0.008150432,-0.20369966,-0.3737918,-0.2136823,0.14129107,0.18071787,-0.09786493,-0.18829472,-0.2011268,-0.21709488,-0.18093307,-0.11701248,-0.09266733,0.043104224,0.036865804,-0.13342905,-0.06717559,-0.1123865,-0.10572312,-0.074942835,-0.009009432,-0.26673856,-0.37538347,-0.23842688,0.05523021,-0.2303987,-0.106233865,-0.15222351,-0.14585006,-0.09142402,-0.13806462,-0.120547436,-0.5386192
78,-0.009632249,0.092112646,-0.03195484,-0.24174418,-0.0034258238,0.12525807,-0.093501054,-0.2763065,0.029907063,0.4612645,0.1345718,0.09508519,0.41286677,0.20993058,0.035360646,0.07341504,-0.08583625,-0.048746407,0.06533202,-0.043807697,0.07554961,-0.08136299,-0.15592556,0.10916633,0.015494702,-0.3320256,0.17178111,0.3664743,0.2137546,0.2939751,0.3604807,0.1624496,0.056128092,-0.112155415,-0.051152445,0.034922335,0.30877554,0.097101435,0.10425436,0.07534904,-0.03444474,0.33476588,0.30956244,0.13151374,0.028863542,0.017935017,0.17980786,0.13603435,-0.040107347,-0.058235414,0.021204066,0.09329186,0.17245655,0.08155631,0.023266373,0.006369861,0.024849858,0.04502964,0.06033597,0.06466563,0.0803745,0.07746528,0.06083327,0.055096813,0.053221606,0.052771393,0.047847085,0.025108567,0.011186046,0.38208342,0.2559863,-0.08966534,0.0405638,0.07668875,0.04308771,0.04756656,0.058677204,0.05801463,0.39299986,-0.050980836
79,-0.09852499,-0.10550874,0.021978365,-0.011612582,0.21766044,0.15089408,-0.102256976,0.10021608,-0.07353575,-0.29420245,-0.06179975,0.3188086,0.04745624,0.07575003,0.09348701,-0.006324679,-0.111537725,-0.07797298,-0.04957874,-0.03258193,0.28081337,0.18386276,-0.06663355,0.26255298,0.18710119,0.30338272,0.19336975,-0.11732564,-0.12154533,-0.19341792,-0.23219825,-0.3150553,0.15116258,0.1573253,0.1916551,0.010097055,-0.031346243,0.13910404,0.4721157,-0.12844166,0.0419655,0.16976748,0.021075359,0.032154467,-0.122323826,-0.06254933,0.037738662,0.016654257,-0.040083032,-0.03455951,0.0013132213,0.019526087,0.02635503,0.0042580147,-0.03134976,-0.023697913,-0.0008724167,0.0032337909,0.0026297306,0.0026899255,0.006129574,0.004653889,0.0025384303,0.00497368,0.004680482,0.0028991192,-0.0023108518,-0.0022105272,0.00033625567,-0.0002552519,0.005230348,0.010719068,0.007647501,0.008623098,0.0059100115,0.005287999,0.0031176254,0.0035350528,0.13005048,-0.10681229
